{"docstore/metadata": {"e69de29bb2d1d6434b8b29ae775ad8c2e48c5391": {"doc_hash": "761836bb1dc2e40a127bfe33f635378bd84d1347e8fe20f5280b59d8a4cb89c0"}, "8859012c99e0608b436a8ab7d93337d8142125e5": {"doc_hash": "e2a1b32a876a22f3b975807f83d9da32513d42bace12154241c47ae11a18e3d4"}, "d37b9b87-eea1-4477-8f50-ab53aab78e46": {"doc_hash": "126c09f1b5bd4029e14f3ad566d74252d247e2fb78832c54ec270ebb0ec22deb", "ref_doc_id": "e69de29bb2d1d6434b8b29ae775ad8c2e48c5391"}, "32b0a930-b172-4cac-84c9-bc439392c89d": {"doc_hash": "3b9e388ed0dc19098b29ddac2afa97956f8c7a29fb31046244598d369701f1d6", "ref_doc_id": "8859012c99e0608b436a8ab7d93337d8142125e5"}}, "docstore/data": {"d37b9b87-eea1-4477-8f50-ab53aab78e46": {"__data__": {"id_": "d37b9b87-eea1-4477-8f50-ab53aab78e46", "embedding": null, "metadata": {"file_path": "docs/README.md", "file_name": "README.md", "url": "https://api.github.com/stepbystepcode/CodeWay/blob/main/docs/README.md"}, "excluded_embed_metadata_keys": [], "excluded_llm_metadata_keys": [], "relationships": {"1": {"node_id": "e69de29bb2d1d6434b8b29ae775ad8c2e48c5391", "node_type": "4", "metadata": {"file_path": "docs/README.md", "file_name": "README.md", "url": "https://api.github.com/stepbystepcode/CodeWay/blob/main/docs/README.md"}, "hash": "761836bb1dc2e40a127bfe33f635378bd84d1347e8fe20f5280b59d8a4cb89c0", "class_name": "RelatedNodeInfo"}}, "metadata_template": "{key}: {value}", "metadata_separator": "\n", "text": "", "mimetype": "text/plain", "start_char_idx": 0, "end_char_idx": 0, "metadata_seperator": "\n", "text_template": "{metadata_str}\n\n{content}", "class_name": "TextNode"}, "__type__": "1"}, "32b0a930-b172-4cac-84c9-bc439392c89d": {"__data__": {"id_": "32b0a930-b172-4cac-84c9-bc439392c89d", "embedding": null, "metadata": {"file_path": "docs/index.md", "file_name": "index.md", "url": "https://api.github.com/stepbystepcode/CodeWay/blob/main/docs/index.md"}, "excluded_embed_metadata_keys": [], "excluded_llm_metadata_keys": [], "relationships": {"1": {"node_id": "8859012c99e0608b436a8ab7d93337d8142125e5", "node_type": "4", "metadata": {"file_path": "docs/index.md", "file_name": "index.md", "url": "https://api.github.com/stepbystepcode/CodeWay/blob/main/docs/index.md"}, "hash": "e2a1b32a876a22f3b975807f83d9da32513d42bace12154241c47ae11a18e3d4", "class_name": "RelatedNodeInfo"}}, "metadata_template": "{key}: {value}", "metadata_separator": "\n", "text": "# \u6211\u7684 Markdown \u6587\u6863\n\na=1, b=32", "mimetype": "text/plain", "start_char_idx": 0, "end_char_idx": 27, "metadata_seperator": "\n", "text_template": "{metadata_str}\n\n{content}", "class_name": "TextNode"}, "__type__": "1"}}, "docstore/ref_doc_info": {"e69de29bb2d1d6434b8b29ae775ad8c2e48c5391": {"node_ids": ["d37b9b87-eea1-4477-8f50-ab53aab78e46"], "metadata": {"file_path": "docs/README.md", "file_name": "README.md", "url": "https://api.github.com/stepbystepcode/CodeWay/blob/main/docs/README.md"}}, "8859012c99e0608b436a8ab7d93337d8142125e5": {"node_ids": ["32b0a930-b172-4cac-84c9-bc439392c89d"], "metadata": {"file_path": "docs/index.md", "file_name": "index.md", "url": "https://api.github.com/stepbystepcode/CodeWay/blob/main/docs/index.md"}}}}